,damage_taken,next_evolution,types,height,weight,name,number
0,"['NORMAL: 1', 'FIRE: 2', 'WATER: 0.5', 'ELECTRIC: 0.5', 'GRASS: 0.25', 'ICE: 2', 'FIGHT: 0.5', 'POISON: 1', 'GROUND: 1', 'FLYING: 2', 'PSYCHIC: 2', 'BUG: 4', 'ROCK: 1', 'GHOST: 1', 'DRAGON: 1']",Ivysaur,"['grass', 'poison']",0.7m,6.9kg,Bulbasaur,#001
1,"['NORMAL: 1', 'FIRE: 2', 'WATER: 0.5', 'ELECTRIC: 0.5', 'GRASS: 0.25', 'ICE: 2', 'FIGHT: 0.5', 'POISON: 1', 'GROUND: 1', 'FLYING: 2', 'PSYCHIC: 2', 'BUG: 4', 'ROCK: 1', 'GHOST: 1', 'DRAGON: 1']",Venusaur,"['grass', 'poison']",1m,13kg,Ivysaur,#002
2,"['NORMAL: 1', 'FIRE: 2', 'WATER: 0.5', 'ELECTRIC: 0.5', 'GRASS: 0.25', 'ICE: 2', 'FIGHT: 0.5', 'POISON: 1', 'GROUND: 1', 'FLYING: 2', 'PSYCHIC: 2', 'BUG: 4', 'ROCK: 1', 'GHOST: 1', 'DRAGON: 1']",,"['grass', 'poison']",2m,100kg,Venusaur,#003
3,"['NORMAL: 1', 'FIRE: 0.5', 'WATER: 2', 'ELECTRIC: 1', 'GRASS: 0.5', 'ICE: 1', 'FIGHT: 1', 'POISON: 1', 'GROUND: 2', 'FLYING: 1', 'PSYCHIC: 1', 'BUG: 0.5', 'ROCK: 2', 'GHOST: 1', 'DRAGON: 1']",Charmeleon,['fire'],0.6m,8.5kg,Charmander,#004
4,"['NORMAL: 1', 'FIRE: 0.5', 'WATER: 2', 'ELECTRIC: 1', 'GRASS: 0.5', 'ICE: 1', 'FIGHT: 1', 'POISON: 1', 'GROUND: 2', 'FLYING: 1', 'PSYCHIC: 1', 'BUG: 0.5', 'ROCK: 2', 'GHOST: 1', 'DRAGON: 1']",Charizard,['fire'],1.1m,19kg,Charmeleon,#005
5,"['NORMAL: 1', 'FIRE: 0.5', 'WATER: 2', 'ELECTRIC: 2', 'GRASS: 0.25', 'ICE: 2', 'FIGHT: 0.5', 'POISON: 1', 'GROUND: 0', 'FLYING: 1', 'PSYCHIC: 1', 'BUG: 0.25', 'ROCK: 4', 'GHOST: 1', 'DRAGON: 1']",,"['fire', 'flying']",1.7m,90.5kg,Charizard,#006
6,"['NORMAL: 1', 'FIRE: 0.5', 'WATER: 0.5', 'ELECTRIC: 2', 'GRASS: 2', 'ICE: 0.5', 'FIGHT: 1', 'POISON: 1', 'GROUND: 1', 'FLYING: 1', 'PSYCHIC: 1', 'BUG: 1', 'ROCK: 1', 'GHOST: 1', 'DRAGON: 1']",Wartortle,['water'],0.5m,9kg,Squirtle,#007
7,"['NORMAL: 1', 'FIRE: 0.5', 'WATER: 0.5', 'ELECTRIC: 2', 'GRASS: 2', 'ICE: 0.5', 'FIGHT: 1', 'POISON: 1', 'GROUND: 1', 'FLYING: 1', 'PSYCHIC: 1', 'BUG: 1', 'ROCK: 1', 'GHOST: 1', 'DRAGON: 1']",Blastoise,['water'],1m,22.5kg,Wartortle,#008
8,"['NORMAL: 1', 'FIRE: 0.5', 'WATER: 0.5', 'ELECTRIC: 2', 'GRASS: 2', 'ICE: 0.5', 'FIGHT: 1', 'POISON: 1', 'GROUND: 1', 'FLYING: 1', 'PSYCHIC: 1', 'BUG: 1', 'ROCK: 1', 'GHOST: 1', 'DRAGON: 1']",,['water'],1.6m,85.5kg,Blastoise,#009
9,"['NORMAL: 1', 'FIRE: 2', 'WATER: 1', 'ELECTRIC: 1', 'GRASS: 0.5', 'ICE: 1', 'FIGHT: 0.5', 'POISON: 2', 'GROUND: 0.5', 'FLYING: 2', 'PSYCHIC: 1', 'BUG: 1', 'ROCK: 2', 'GHOST: 1', 'DRAGON: 1']",Metapod,['bug'],0.3m,2.9kg,Caterpie,#010
10,"['NORMAL: 1', 'FIRE: 2', 'WATER: 1', 'ELECTRIC: 1', 'GRASS: 0.5', 'ICE: 1', 'FIGHT: 0.5', 'POISON: 2', 'GROUND: 0.5', 'FLYING: 2', 'PSYCHIC: 1', 'BUG: 1', 'ROCK: 2', 'GHOST: 1', 'DRAGON: 1']",Butterfree,['bug'],0.7m,9.9kg,Metapod,#011
11,"['NORMAL: 1', 'FIRE: 2', 'WATER: 1', 'ELECTRIC: 2', 'GRASS: 0.25', 'ICE: 2', 'FIGHT: 0.25', 'POISON: 2', 'GROUND: 0', 'FLYING: 2', 'PSYCHIC: 1', 'BUG: 0.5', 'ROCK: 4', 'GHOST: 1', 'DRAGON: 1']",,"['bug', 'flying']",1.1m,32kg,Butterfree,#012
12,"['NORMAL: 1', 'FIRE: 2', 'WATER: 1', 'ELECTRIC: 1', 'GRASS: 0.25', 'ICE: 1', 'FIGHT: 0.25', 'POISON: 1', 'GROUND: 1', 'FLYING: 2', 'PSYCHIC: 2', 'BUG: 2', 'ROCK: 2', 'GHOST: 1', 'DRAGON: 1']",Kakuna,"['bug', 'poison']",0.3m,3.2kg,Weedle,#013
13,"['NORMAL: 1', 'FIRE: 2', 'WATER: 1', 'ELECTRIC: 1', 'GRASS: 0.25', 'ICE: 1', 'FIGHT: 0.25', 'POISON: 1', 'GROUND: 1', 'FLYING: 2', 'PSYCHIC: 2', 'BUG: 2', 'ROCK: 2', 'GHOST: 1', 'DRAGON: 1']",Beedrill,"['bug', 'poison']",0.6m,10kg,Kakuna,#014
14,"['NORMAL: 1', 'FIRE: 2', 'WATER: 1', 'ELECTRIC: 1', 'GRASS: 0.25', 'ICE: 1', 'FIGHT: 0.25', 'POISON: 1', 'GROUND: 1', 'FLYING: 2', 'PSYCHIC: 2', 'BUG: 2', 'ROCK: 2', 'GHOST: 1', 'DRAGON: 1']",,"['bug', 'poison']",1m,29.5kg,Beedrill,#015
15,"['NORMAL: 1', 'FIRE: 1', 'WATER: 1', 'ELECTRIC: 2', 'GRASS: 0.5', 'ICE: 2', 'FIGHT: 1', 'POISON: 1', 'GROUND: 0', 'FLYING: 1', 'PSYCHIC: 1', 'BUG: 0.5', 'ROCK: 2', 'GHOST: 0', 'DRAGON: 1']",Pidgeotto,"['normal', 'flying']",0.3m,1.8kg,Pidgey,#016
16,"['NORMAL: 1', 'FIRE: 1', 'WATER: 1', 'ELECTRIC: 2', 'GRASS: 0.5', 'ICE: 2', 'FIGHT: 1', 'POISON: 1', 'GROUND: 0', 'FLYING: 1', 'PSYCHIC: 1', 'BUG: 0.5', 'ROCK: 2', 'GHOST: 0', 'DRAGON: 1']",Pidgeot,"['normal', 'flying']",1.1m,30kg,Pidgeotto,#017
17,"['NORMAL: 1', 'FIRE: 1', 'WATER: 1', 'ELECTRIC: 2', 'GRASS: 0.5', 'ICE: 2', 'FIGHT: 1', 'POISON: 1', 'GROUND: 0', 'FLYING: 1', 'PSYCHIC: 1', 'BUG: 0.5', 'ROCK: 2', 'GHOST: 0', 'DRAGON: 1']",,"['normal', 'flying']",1.5m,39.5kg,Pidgeot,#018
18,"['NORMAL: 1', 'FIRE: 1', 'WATER: 1', 'ELECTRIC: 1', 'GRASS: 1', 'ICE: 1', 'FIGHT: 2', 'POISON: 1', 'GROUND: 1', 'FLYING: 1', 'PSYCHIC: 1', 'BUG: 1', 'ROCK: 1', 'GHOST: 0', 'DRAGON: 1']",Raticate,['normal'],0.3m,3.5kg,Rattata,#019
19,"['NORMAL: 1', 'FIRE: 1', 'WATER: 1', 'ELECTRIC: 1', 'GRASS: 1', 'ICE: 1', 'FIGHT: 2', 'POISON: 1', 'GROUND: 1', 'FLYING: 1', 'PSYCHIC: 1', 'BUG: 1', 'ROCK: 1', 'GHOST: 0', 'DRAGON: 1']",,['normal'],0.7m,18.5kg,Raticate,#020
20,"['NORMAL: 1', 'FIRE: 1', 'WATER: 1', 'ELECTRIC: 2', 'GRASS: 0.5', 'ICE: 2', 'FIGHT: 1', 'POISON: 1', 'GROUND: 0', 'FLYING: 1', 'PSYCHIC: 1', 'BUG: 0.5', 'ROCK: 2', 'GHOST: 0', 'DRAGON: 1']",Fearow,"['normal', 'flying']",0.3m,2kg,Spearow,#021
21,"['NORMAL: 1', 'FIRE: 1', 'WATER: 1', 'ELECTRIC: 2', 'GRASS: 0.5', 'ICE: 2', 'FIGHT: 1', 'POISON: 1', 'GROUND: 0', 'FLYING: 1', 'PSYCHIC: 1', 'BUG: 0.5', 'ROCK: 2', 'GHOST: 0', 'DRAGON: 1']",,"['normal', 'flying']",1.2m,38kg,Fearow,#022
22,"['NORMAL: 1', 'FIRE: 1', 'WATER: 1', 'ELECTRIC: 1', 'GRASS: 0.5', 'ICE: 1', 'FIGHT: 0.5', 'POISON: 0.5', 'GROUND: 2', 'FLYING: 1', 'PSYCHIC: 2', 'BUG: 2', 'ROCK: 1', 'GHOST: 1', 'DRAGON: 1']",Arbok,['poison'],2m,6.9kg,Ekans,#023
23,"['NORMAL: 1', 'FIRE: 1', 'WATER: 1', 'ELECTRIC: 1', 'GRASS: 0.5', 'ICE: 1', 'FIGHT: 0.5', 'POISON: 0.5', 'GROUND: 2', 'FLYING: 1', 'PSYCHIC: 2', 'BUG: 2', 'ROCK: 1', 'GHOST: 1', 'DRAGON: 1']",,['poison'],3.5m,65kg,Arbok,#024
24,"['NORMAL: 1', 'FIRE: 1', 'WATER: 1', 'ELECTRIC: 0.5', 'GRASS: 1', 'ICE: 1', 'FIGHT: 1', 'POISON: 1', 'GROUND: 2', 'FLYING: 0.5', 'PSYCHIC: 1', 'BUG: 1', 'ROCK: 1', 'GHOST: 1', 'DRAGON: 1']",Raichu,['electric'],0.4m,6kg,Pikachu,#025
25,"['NORMAL: 1', 'FIRE: 1', 'WATER: 1', 'ELECTRIC: 0.5', 'GRASS: 1', 'ICE: 1', 'FIGHT: 1', 'POISON: 1', 'GROUND: 2', 'FLYING: 0.5', 'PSYCHIC: 1', 'BUG: 1', 'ROCK: 1', 'GHOST: 1', 'DRAGON: 1']",,['electric'],0.8m,30kg,Raichu,#026
26,"['NORMAL: 1', 'FIRE: 1', 'WATER: 2', 'ELECTRIC: 0', 'GRASS: 2', 'ICE: 2', 'FIGHT: 1', 'POISON: 0.5', 'GROUND: 1', 'FLYING: 1', 'PSYCHIC: 1', 'BUG: 1', 'ROCK: 0.5', 'GHOST: 1', 'DRAGON: 1']",Sandslash,['ground'],0.6m,12kg,Sandshrew,#027
27,"['NORMAL: 1', 'FIRE: 1', 'WATER: 2', 'ELECTRIC: 0', 'GRASS: 2', 'ICE: 2', 'FIGHT: 1', 'POISON: 0.5', 'GROUND: 1', 'FLYING: 1', 'PSYCHIC: 1', 'BUG: 1', 'ROCK: 0.5', 'GHOST: 1', 'DRAGON: 1']",,['ground'],1m,29.5kg,Sandslash,#028
28,"['NORMAL: 1', 'FIRE: 1', 'WATER: 1', 'ELECTRIC: 1', 'GRASS: 0.5', 'ICE: 1', 'FIGHT: 0.5', 'POISON: 0.5', 'GROUND: 2', 'FLYING: 1', 'PSYCHIC: 2', 'BUG: 2', 'ROCK: 1', 'GHOST: 1', 'DRAGON: 1']",Nidorina,['poison'],0.4m,7kg,Nidoran♀,#029
29,"['NORMAL: 1', 'FIRE: 1', 'WATER: 1', 'ELECTRIC: 1', 'GRASS: 0.5', 'ICE: 1', 'FIGHT: 0.5', 'POISON: 0.5', 'GROUND: 2', 'FLYING: 1', 'PSYCHIC: 2', 'BUG: 2', 'ROCK: 1', 'GHOST: 1', 'DRAGON: 1']",Nidoqueen,['poison'],0.8m,20kg,Nidorina,#030
30,"['NORMAL: 1', 'FIRE: 1', 'WATER: 2', 'ELECTRIC: 0', 'GRASS: 1', 'ICE: 2', 'FIGHT: 0.5', 'POISON: 0.25', 'GROUND: 2', 'FLYING: 1', 'PSYCHIC: 2', 'BUG: 2', 'ROCK: 0.5', 'GHOST: 1', 'DRAGON: 1']",,"['poison', 'ground']",1.3m,60kg,Nidoqueen,#031
31,"['NORMAL: 1', 'FIRE: 1', 'WATER: 1', 'ELECTRIC: 1', 'GRASS: 0.5', 'ICE: 1', 'FIGHT: 0.5', 'POISON: 0.5', 'GROUND: 2', 'FLYING: 1', 'PSYCHIC: 2', 'BUG: 2', 'ROCK: 1', 'GHOST: 1', 'DRAGON: 1']",Nidorino,['poison'],0.5m,9kg,Nidoran♂,#032
32,"['NORMAL: 1', 'FIRE: 1', 'WATER: 1', 'ELECTRIC: 1', 'GRASS: 0.5', 'ICE: 1', 'FIGHT: 0.5', 'POISON: 0.5', 'GROUND: 2', 'FLYING: 1', 'PSYCHIC: 2', 'BUG: 2', 'ROCK: 1', 'GHOST: 1', 'DRAGON: 1']",Nidoking,['poison'],0.9m,19.5kg,Nidorino,#033
33,"['NORMAL: 1', 'FIRE: 1', 'WATER: 2', 'ELECTRIC: 0', 'GRASS: 1', 'ICE: 2', 'FIGHT: 0.5', 'POISON: 0.25', 'GROUND: 2', 'FLYING: 1', 'PSYCHIC: 2', 'BUG: 2', 'ROCK: 0.5', 'GHOST: 1', 'DRAGON: 1']",,"['poison', 'ground']",1.4m,62kg,Nidoking,#034
34,"['NORMAL: 1', 'FIRE: 1', 'WATER: 1', 'ELECTRIC: 1', 'GRASS: 1', 'ICE: 1', 'FIGHT: 2', 'POISON: 1', 'GROUND: 1', 'FLYING: 1', 'PSYCHIC: 1', 'BUG: 1', 'ROCK: 1', 'GHOST: 0', 'DRAGON: 1']",Clefable,['normal'],0.6m,7.5kg,Clefairy,#035
35,"['NORMAL: 1', 'FIRE: 1', 'WATER: 1', 'ELECTRIC: 1', 'GRASS: 1', 'ICE: 1', 'FIGHT: 2', 'POISON: 1', 'GROUND: 1', 'FLYING: 1', 'PSYCHIC: 1', 'BUG: 1', 'ROCK: 1', 'GHOST: 0', 'DRAGON: 1']",,['normal'],1.3m,40kg,Clefable,#036
36,"['NORMAL: 1', 'FIRE: 0.5', 'WATER: 2', 'ELECTRIC: 1', 'GRASS: 0.5', 'ICE: 1', 'FIGHT: 1', 'POISON: 1', 'GROUND: 2', 'FLYING: 1', 'PSYCHIC: 1', 'BUG: 0.5', 'ROCK: 2', 'GHOST: 1', 'DRAGON: 1']",Ninetales,['fire'],0.6m,9.9kg,Vulpix,#037
37,"['NORMAL: 1', 'FIRE: 0.5', 'WATER: 2', 'ELECTRIC: 1', 'GRASS: 0.5', 'ICE: 1', 'FIGHT: 1', 'POISON: 1', 'GROUND: 2', 'FLYING: 1', 'PSYCHIC: 1', 'BUG: 0.5', 'ROCK: 2', 'GHOST: 1', 'DRAGON: 1']",,['fire'],1.1m,19.9kg,Ninetales,#038
38,"['NORMAL: 1', 'FIRE: 1', 'WATER: 1', 'ELECTRIC: 1', 'GRASS: 1', 'ICE: 1', 'FIGHT: 2', 'POISON: 1', 'GROUND: 1', 'FLYING: 1', 'PSYCHIC: 1', 'BUG: 1', 'ROCK: 1', 'GHOST: 0', 'DRAGON: 1']",Wigglytuff,['normal'],0.5m,5.5kg,Jigglypuff,#039
39,"['NORMAL: 1', 'FIRE: 1', 'WATER: 1', 'ELECTRIC: 1', 'GRASS: 1', 'ICE: 1', 'FIGHT: 2', 'POISON: 1', 'GROUND: 1', 'FLYING: 1', 'PSYCHIC: 1', 'BUG: 1', 'ROCK: 1', 'GHOST: 0', 'DRAGON: 1']",,['normal'],1m,12kg,Wigglytuff,#040
40,"['NORMAL: 1', 'FIRE: 1', 'WATER: 1', 'ELECTRIC: 2', 'GRASS: 0.25', 'ICE: 2', 'FIGHT: 0.25', 'POISON: 0.5', 'GROUND: 0', 'FLYING: 1', 'PSYCHIC: 2', 'BUG: 1', 'ROCK: 2', 'GHOST: 1', 'DRAGON: 1']",Golbat,"['poison', 'flying']",0.8m,7.5kg,Zubat,#041
41,"['NORMAL: 1', 'FIRE: 1', 'WATER: 1', 'ELECTRIC: 2', 'GRASS: 0.25', 'ICE: 2', 'FIGHT: 0.25', 'POISON: 0.5', 'GROUND: 0', 'FLYING: 1', 'PSYCHIC: 2', 'BUG: 1', 'ROCK: 2', 'GHOST: 1', 'DRAGON: 1']",,"['poison', 'flying']",1.6m,55kg,Golbat,#042
42,"['NORMAL: 1', 'FIRE: 2', 'WATER: 0.5', 'ELECTRIC: 0.5', 'GRASS: 0.25', 'ICE: 2', 'FIGHT: 0.5', 'POISON: 1', 'GROUND: 1', 'FLYING: 2', 'PSYCHIC: 2', 'BUG: 4', 'ROCK: 1', 'GHOST: 1', 'DRAGON: 1']",Gloom,"['grass', 'poison']",0.5m,5.4kg,Oddish,#043
43,"['NORMAL: 1', 'FIRE: 2', 'WATER: 0.5', 'ELECTRIC: 0.5', 'GRASS: 0.25', 'ICE: 2', 'FIGHT: 0.5', 'POISON: 1', 'GROUND: 1', 'FLYING: 2', 'PSYCHIC: 2', 'BUG: 4', 'ROCK: 1', 'GHOST: 1', 'DRAGON: 1']",Vileplume,"['grass', 'poison']",0.8m,8.6kg,Gloom,#044
44,"['NORMAL: 1', 'FIRE: 2', 'WATER: 0.5', 'ELECTRIC: 0.5', 'GRASS: 0.25', 'ICE: 2', 'FIGHT: 0.5', 'POISON: 1', 'GROUND: 1', 'FLYING: 2', 'PSYCHIC: 2', 'BUG: 4', 'ROCK: 1', 'GHOST: 1', 'DRAGON: 1']",,"['grass', 'poison']",1.2m,18.6kg,Vileplume,#045
45,"['NORMAL: 1', 'FIRE: 4', 'WATER: 0.5', 'ELECTRIC: 0.5', 'GRASS: 0.25', 'ICE: 2', 'FIGHT: 0.5', 'POISON: 4', 'GROUND: 0.25', 'FLYING: 4', 'PSYCHIC: 1', 'BUG: 2', 'ROCK: 2', 'GHOST: 1', 'DRAGON: 1']",Parasect,"['bug', 'grass']",0.3m,5.4kg,Paras,#046
46,"['NORMAL: 1', 'FIRE: 4', 'WATER: 0.5', 'ELECTRIC: 0.5', 'GRASS: 0.25', 'ICE: 2', 'FIGHT: 0.5', 'POISON: 4', 'GROUND: 0.25', 'FLYING: 4', 'PSYCHIC: 1', 'BUG: 2', 'ROCK: 2', 'GHOST: 1', 'DRAGON: 1']",,"['bug', 'grass']",1m,29.5kg,Parasect,#047
47,"['NORMAL: 1', 'FIRE: 2', 'WATER: 1', 'ELECTRIC: 1', 'GRASS: 0.25', 'ICE: 1', 'FIGHT: 0.25', 'POISON: 1', 'GROUND: 1', 'FLYING: 2', 'PSYCHIC: 2', 'BUG: 2', 'ROCK: 2', 'GHOST: 1', 'DRAGON: 1']",Venomoth,"['bug', 'poison']",1m,30kg,Venonat,#048
48,"['NORMAL: 1', 'FIRE: 2', 'WATER: 1', 'ELECTRIC: 1', 'GRASS: 0.25', 'ICE: 1', 'FIGHT: 0.25', 'POISON: 1', 'GROUND: 1', 'FLYING: 2', 'PSYCHIC: 2', 'BUG: 2', 'ROCK: 2', 'GHOST: 1', 'DRAGON: 1']",,"['bug', 'poison']",1.5m,12.5kg,Venomoth,#049
49,"['NORMAL: 1', 'FIRE: 1', 'WATER: 2', 'ELECTRIC: 0', 'GRASS: 2', 'ICE: 2', 'FIGHT: 1', 'POISON: 0.5', 'GROUND: 1', 'FLYING: 1', 'PSYCHIC: 1', 'BUG: 1', 'ROCK: 0.5', 'GHOST: 1', 'DRAGON: 1']",Dugtrio,['ground'],0.2m,0.8kg,Diglett,#050
50,"['NORMAL: 1', 'FIRE: 1', 'WATER: 2', 'ELECTRIC: 0', 'GRASS: 2', 'ICE: 2', 'FIGHT: 1', 'POISON: 0.5', 'GROUND: 1', 'FLYING: 1', 'PSYCHIC: 1', 'BUG: 1', 'ROCK: 0.5', 'GHOST: 1', 'DRAGON: 1']",,['ground'],0.7m,33.3kg,Dugtrio,#051
51,"['NORMAL: 1', 'FIRE: 1', 'WATER: 1', 'ELECTRIC: 1', 'GRASS: 1', 'ICE: 1', 'FIGHT: 2', 'POISON: 1', 'GROUND: 1', 'FLYING: 1', 'PSYCHIC: 1', 'BUG: 1', 'ROCK: 1', 'GHOST: 0', 'DRAGON: 1']",Persian,['normal'],0.4m,4.2kg,Meowth,#052
52,"['NORMAL: 1', 'FIRE: 1', 'WATER: 1', 'ELECTRIC: 1', 'GRASS: 1', 'ICE: 1', 'FIGHT: 2', 'POISON: 1', 'GROUND: 1', 'FLYING: 1', 'PSYCHIC: 1', 'BUG: 1', 'ROCK: 1', 'GHOST: 0', 'DRAGON: 1']",,['normal'],1m,32kg,Persian,#053
53,"['NORMAL: 1', 'FIRE: 0.5', 'WATER: 0.5', 'ELECTRIC: 2', 'GRASS: 2', 'ICE: 0.5', 'FIGHT: 1', 'POISON: 1', 'GROUND: 1', 'FLYING: 1', 'PSYCHIC: 1', 'BUG: 1', 'ROCK: 1', 'GHOST: 1', 'DRAGON: 1']",Golduck,['water'],0.8m,19.6kg,Psyduck,#054
54,"['NORMAL: 1', 'FIRE: 0.5', 'WATER: 0.5', 'ELECTRIC: 2', 'GRASS: 2', 'ICE: 0.5', 'FIGHT: 1', 'POISON: 1', 'GROUND: 1', 'FLYING: 1', 'PSYCHIC: 1', 'BUG: 1', 'ROCK: 1', 'GHOST: 1', 'DRAGON: 1']",,['water'],1.7m,76.6kg,Golduck,#055
55,"['NORMAL: 1', 'FIRE: 1', 'WATER: 1', 'ELECTRIC: 1', 'GRASS: 1', 'ICE: 1', 'FIGHT: 1', 'POISON: 1', 'GROUND: 1', 'FLYING: 2', 'PSYCHIC: 2', 'BUG: 0.5', 'ROCK: 0.5', 'GHOST: 1', 'DRAGON: 1']",Primeape,['fighting'],0.5m,28kg,Mankey,#056
56,"['NORMAL: 1', 'FIRE: 1', 'WATER: 1', 'ELECTRIC: 1', 'GRASS: 1', 'ICE: 1', 'FIGHT: 1', 'POISON: 1', 'GROUND: 1', 'FLYING: 2', 'PSYCHIC: 2', 'BUG: 0.5', 'ROCK: 0.5', 'GHOST: 1', 'DRAGON: 1']",,['fighting'],1m,32kg,Primeape,#057
57,"['NORMAL: 1', 'FIRE: 0.5', 'WATER: 2', 'ELECTRIC: 1', 'GRASS: 0.5', 'ICE: 1', 'FIGHT: 1', 'POISON: 1', 'GROUND: 2', 'FLYING: 1', 'PSYCHIC: 1', 'BUG: 0.5', 'ROCK: 2', 'GHOST: 1', 'DRAGON: 1']",Arcanine,['fire'],0.7m,19kg,Growlithe,#058
58,"['NORMAL: 1', 'FIRE: 0.5', 'WATER: 2', 'ELECTRIC: 1', 'GRASS: 0.5', 'ICE: 1', 'FIGHT: 1', 'POISON: 1', 'GROUND: 2', 'FLYING: 1', 'PSYCHIC: 1', 'BUG: 0.5', 'ROCK: 2', 'GHOST: 1', 'DRAGON: 1']",,['fire'],1.9m,155kg,Arcanine,#059
59,"['NORMAL: 1', 'FIRE: 0.5', 'WATER: 0.5', 'ELECTRIC: 2', 'GRASS: 2', 'ICE: 0.5', 'FIGHT: 1', 'POISON: 1', 'GROUND: 1', 'FLYING: 1', 'PSYCHIC: 1', 'BUG: 1', 'ROCK: 1', 'GHOST: 1', 'DRAGON: 1']",Poliwhirl,['water'],0.6m,12.4kg,Poliwag,#060
60,"['NORMAL: 1', 'FIRE: 0.5', 'WATER: 0.5', 'ELECTRIC: 2', 'GRASS: 2', 'ICE: 0.5', 'FIGHT: 1', 'POISON: 1', 'GROUND: 1', 'FLYING: 1', 'PSYCHIC: 1', 'BUG: 1', 'ROCK: 1', 'GHOST: 1', 'DRAGON: 1']",Poliwrath,['water'],1m,20kg,Poliwhirl,#061
61,"['NORMAL: 1', 'FIRE: 0.5', 'WATER: 0.5', 'ELECTRIC: 2', 'GRASS: 2', 'ICE: 0.5', 'FIGHT: 1', 'POISON: 1', 'GROUND: 1', 'FLYING: 2', 'PSYCHIC: 2', 'BUG: 0.5', 'ROCK: 0.5', 'GHOST: 1', 'DRAGON: 1']",,"['water', 'fighting']",1.3m,54kg,Poliwrath,#062
62,"['NORMAL: 1', 'FIRE: 1', 'WATER: 1', 'ELECTRIC: 1', 'GRASS: 1', 'ICE: 1', 'FIGHT: 0.5', 'POISON: 1', 'GROUND: 1', 'FLYING: 1', 'PSYCHIC: 0.5', 'BUG: 2', 'ROCK: 1', 'GHOST: 0', 'DRAGON: 1']",Kadabra,['psychic'],0.9m,19.5kg,Abra,#063
63,"['NORMAL: 1', 'FIRE: 1', 'WATER: 1', 'ELECTRIC: 1', 'GRASS: 1', 'ICE: 1', 'FIGHT: 0.5', 'POISON: 1', 'GROUND: 1', 'FLYING: 1', 'PSYCHIC: 0.5', 'BUG: 2', 'ROCK: 1', 'GHOST: 0', 'DRAGON: 1']",Alakazam,['psychic'],1.3m,56.5kg,Kadabra,#064
64,"['NORMAL: 1', 'FIRE: 1', 'WATER: 1', 'ELECTRIC: 1', 'GRASS: 1', 'ICE: 1', 'FIGHT: 0.5', 'POISON: 1', 'GROUND: 1', 'FLYING: 1', 'PSYCHIC: 0.5', 'BUG: 2', 'ROCK: 1', 'GHOST: 0', 'DRAGON: 1']",,['psychic'],1.5m,48kg,Alakazam,#065
65,"['NORMAL: 1', 'FIRE: 1', 'WATER: 1', 'ELECTRIC: 1', 'GRASS: 1', 'ICE: 1', 'FIGHT: 1', 'POISON: 1', 'GROUND: 1', 'FLYING: 2', 'PSYCHIC: 2', 'BUG: 0.5', 'ROCK: 0.5', 'GHOST: 1', 'DRAGON: 1']",Machoke,['fighting'],0.8m,19.5kg,Machop,#066
66,"['NORMAL: 1', 'FIRE: 1', 'WATER: 1', 'ELECTRIC: 1', 'GRASS: 1', 'ICE: 1', 'FIGHT: 1', 'POISON: 1', 'GROUND: 1', 'FLYING: 2', 'PSYCHIC: 2', 'BUG: 0.5', 'ROCK: 0.5', 'GHOST: 1', 'DRAGON: 1']",Machamp,['fighting'],1.5m,70.5kg,Machoke,#067
67,"['NORMAL: 1', 'FIRE: 1', 'WATER: 1', 'ELECTRIC: 1', 'GRASS: 1', 'ICE: 1', 'FIGHT: 1', 'POISON: 1', 'GROUND: 1', 'FLYING: 2', 'PSYCHIC: 2', 'BUG: 0.5', 'ROCK: 0.5', 'GHOST: 1', 'DRAGON: 1']",,['fighting'],1.6m,130kg,Machamp,#068
68,"['NORMAL: 1', 'FIRE: 2', 'WATER: 0.5', 'ELECTRIC: 0.5', 'GRASS: 0.25', 'ICE: 2', 'FIGHT: 0.5', 'POISON: 1', 'GROUND: 1', 'FLYING: 2', 'PSYCHIC: 2', 'BUG: 4', 'ROCK: 1', 'GHOST: 1', 'DRAGON: 1']",Weepinbell,"['grass', 'poison']",0.7m,4kg,Bellsprout,#069
69,"['NORMAL: 1', 'FIRE: 2', 'WATER: 0.5', 'ELECTRIC: 0.5', 'GRASS: 0.25', 'ICE: 2', 'FIGHT: 0.5', 'POISON: 1', 'GROUND: 1', 'FLYING: 2', 'PSYCHIC: 2', 'BUG: 4', 'ROCK: 1', 'GHOST: 1', 'DRAGON: 1']",Victreebel,"['grass', 'poison']",1m,6.4kg,Weepinbell,#070
70,"['NORMAL: 1', 'FIRE: 2', 'WATER: 0.5', 'ELECTRIC: 0.5', 'GRASS: 0.25', 'ICE: 2', 'FIGHT: 0.5', 'POISON: 1', 'GROUND: 1', 'FLYING: 2', 'PSYCHIC: 2', 'BUG: 4', 'ROCK: 1', 'GHOST: 1', 'DRAGON: 1']",,"['grass', 'poison']",1.7m,15.5kg,Victreebel,#071
71,"['NORMAL: 1', 'FIRE: 0.5', 'WATER: 0.5', 'ELECTRIC: 2', 'GRASS: 1', 'ICE: 0.5', 'FIGHT: 0.5', 'POISON: 0.5', 'GROUND: 2', 'FLYING: 1', 'PSYCHIC: 2', 'BUG: 2', 'ROCK: 1', 'GHOST: 1', 'DRAGON: 1']",Tentacruel,"['water', 'poison']",0.9m,45.5kg,Tentacool,#072
72,"['NORMAL: 1', 'FIRE: 0.5', 'WATER: 0.5', 'ELECTRIC: 2', 'GRASS: 1', 'ICE: 0.5', 'FIGHT: 0.5', 'POISON: 0.5', 'GROUND: 2', 'FLYING: 1', 'PSYCHIC: 2', 'BUG: 2', 'ROCK: 1', 'GHOST: 1', 'DRAGON: 1']",,"['water', 'poison']",1.6m,55kg,Tentacruel,#073
73,"['NORMAL: 0.5', 'FIRE: 0.5', 'WATER: 4', 'ELECTRIC: 0', 'GRASS: 4', 'ICE: 2', 'FIGHT: 2', 'POISON: 0.25', 'GROUND: 2', 'FLYING: 0.5', 'PSYCHIC: 1', 'BUG: 1', 'ROCK: 0.5', 'GHOST: 1', 'DRAGON: 1']",Graveler,"['rock', 'ground']",0.4m,20kg,Geodude,#074
74,"['NORMAL: 0.5', 'FIRE: 0.5', 'WATER: 4', 'ELECTRIC: 0', 'GRASS: 4', 'ICE: 2', 'FIGHT: 2', 'POISON: 0.25', 'GROUND: 2', 'FLYING: 0.5', 'PSYCHIC: 1', 'BUG: 1', 'ROCK: 0.5', 'GHOST: 1', 'DRAGON: 1']",Golem,"['rock', 'ground']",1m,105kg,Graveler,#075
75,"['NORMAL: 0.5', 'FIRE: 0.5', 'WATER: 4', 'ELECTRIC: 0', 'GRASS: 4', 'ICE: 2', 'FIGHT: 2', 'POISON: 0.25', 'GROUND: 2', 'FLYING: 0.5', 'PSYCHIC: 1', 'BUG: 1', 'ROCK: 0.5', 'GHOST: 1', 'DRAGON: 1']",,"['rock', 'ground']",1.4m,300kg,Golem,#076
76,"['NORMAL: 1', 'FIRE: 0.5', 'WATER: 2', 'ELECTRIC: 1', 'GRASS: 0.5', 'ICE: 1', 'FIGHT: 1', 'POISON: 1', 'GROUND: 2', 'FLYING: 1', 'PSYCHIC: 1', 'BUG: 0.5', 'ROCK: 2', 'GHOST: 1', 'DRAGON: 1']",Rapidash,['fire'],1m,30kg,Ponyta,#077
77,"['NORMAL: 1', 'FIRE: 0.5', 'WATER: 2', 'ELECTRIC: 1', 'GRASS: 0.5', 'ICE: 1', 'FIGHT: 1', 'POISON: 1', 'GROUND: 2', 'FLYING: 1', 'PSYCHIC: 1', 'BUG: 0.5', 'ROCK: 2', 'GHOST: 1', 'DRAGON: 1']",,['fire'],1.7m,95kg,Rapidash,#078
78,"['NORMAL: 1', 'FIRE: 0.5', 'WATER: 0.5', 'ELECTRIC: 2', 'GRASS: 2', 'ICE: 0.5', 'FIGHT: 0.5', 'POISON: 1', 'GROUND: 1', 'FLYING: 1', 'PSYCHIC: 0.5', 'BUG: 2', 'ROCK: 1', 'GHOST: 0', 'DRAGON: 1']",Slowbro,"['water', 'psychic']",1.2m,36kg,Slowpoke,#079
79,"['NORMAL: 1', 'FIRE: 0.5', 'WATER: 0.5', 'ELECTRIC: 2', 'GRASS: 2', 'ICE: 0.5', 'FIGHT: 0.5', 'POISON: 1', 'GROUND: 1', 'FLYING: 1', 'PSYCHIC: 0.5', 'BUG: 2', 'ROCK: 1', 'GHOST: 0', 'DRAGON: 1']",,"['water', 'psychic']",1.6m,78.5kg,Slowbro,#080
80,"['NORMAL: 1', 'FIRE: 1', 'WATER: 1', 'ELECTRIC: 0.5', 'GRASS: 1', 'ICE: 1', 'FIGHT: 1', 'POISON: 1', 'GROUND: 2', 'FLYING: 0.5', 'PSYCHIC: 1', 'BUG: 1', 'ROCK: 1', 'GHOST: 1', 'DRAGON: 1']",Magneton,['electric'],0.3m,6kg,Magnemite,#081
81,"['NORMAL: 1', 'FIRE: 1', 'WATER: 1', 'ELECTRIC: 0.5', 'GRASS: 1', 'ICE: 1', 'FIGHT: 1', 'POISON: 1', 'GROUND: 2', 'FLYING: 0.5', 'PSYCHIC: 1', 'BUG: 1', 'ROCK: 1', 'GHOST: 1', 'DRAGON: 1']",,['electric'],1m,60kg,Magneton,#082
82,"['NORMAL: 1', 'FIRE: 1', 'WATER: 1', 'ELECTRIC: 2', 'GRASS: 0.5', 'ICE: 2', 'FIGHT: 1', 'POISON: 1', 'GROUND: 0', 'FLYING: 1', 'PSYCHIC: 1', 'BUG: 0.5', 'ROCK: 2', 'GHOST: 0', 'DRAGON: 1']",,"['normal', 'flying']",0.8m,15kg,Farfetch'd,#083
83,"['NORMAL: 1', 'FIRE: 1', 'WATER: 1', 'ELECTRIC: 2', 'GRASS: 0.5', 'ICE: 2', 'FIGHT: 1', 'POISON: 1', 'GROUND: 0', 'FLYING: 1', 'PSYCHIC: 1', 'BUG: 0.5', 'ROCK: 2', 'GHOST: 0', 'DRAGON: 1']",Dodrio,"['normal', 'flying']",1.4m,39.2kg,Doduo,#084
84,"['NORMAL: 1', 'FIRE: 1', 'WATER: 1', 'ELECTRIC: 2', 'GRASS: 0.5', 'ICE: 2', 'FIGHT: 1', 'POISON: 1', 'GROUND: 0', 'FLYING: 1', 'PSYCHIC: 1', 'BUG: 0.5', 'ROCK: 2', 'GHOST: 0', 'DRAGON: 1']",,"['normal', 'flying']",1.8m,85.2kg,Dodrio,#085
85,"['NORMAL: 1', 'FIRE: 0.5', 'WATER: 0.5', 'ELECTRIC: 2', 'GRASS: 2', 'ICE: 0.5', 'FIGHT: 1', 'POISON: 1', 'GROUND: 1', 'FLYING: 1', 'PSYCHIC: 1', 'BUG: 1', 'ROCK: 1', 'GHOST: 1', 'DRAGON: 1']",Dewgong,['water'],1.1m,90kg,Seel,#086
86,"['NORMAL: 1', 'FIRE: 1', 'WATER: 0.5', 'ELECTRIC: 2', 'GRASS: 2', 'ICE: 0.25', 'FIGHT: 2', 'POISON: 1', 'GROUND: 1', 'FLYING: 1', 'PSYCHIC: 1', 'BUG: 1', 'ROCK: 2', 'GHOST: 1', 'DRAGON: 1']",,"['water', 'ice']",1.7m,120kg,Dewgong,#087
87,"['NORMAL: 1', 'FIRE: 1', 'WATER: 1', 'ELECTRIC: 1', 'GRASS: 0.5', 'ICE: 1', 'FIGHT: 0.5', 'POISON: 0.5', 'GROUND: 2', 'FLYING: 1', 'PSYCHIC: 2', 'BUG: 2', 'ROCK: 1', 'GHOST: 1', 'DRAGON: 1']",Muk,['poison'],0.9m,30kg,Grimer,#088
88,"['NORMAL: 1', 'FIRE: 1', 'WATER: 1', 'ELECTRIC: 1', 'GRASS: 0.5', 'ICE: 1', 'FIGHT: 0.5', 'POISON: 0.5', 'GROUND: 2', 'FLYING: 1', 'PSYCHIC: 2', 'BUG: 2', 'ROCK: 1', 'GHOST: 1', 'DRAGON: 1']",,['poison'],1.2m,30kg,Muk,#089
89,"['NORMAL: 1', 'FIRE: 0.5', 'WATER: 0.5', 'ELECTRIC: 2', 'GRASS: 2', 'ICE: 0.5', 'FIGHT: 1', 'POISON: 1', 'GROUND: 1', 'FLYING: 1', 'PSYCHIC: 1', 'BUG: 1', 'ROCK: 1', 'GHOST: 1', 'DRAGON: 1']",Cloyster,['water'],0.3m,4kg,Shellder,#090
90,"['NORMAL: 1', 'FIRE: 1', 'WATER: 0.5', 'ELECTRIC: 2', 'GRASS: 2', 'ICE: 0.25', 'FIGHT: 2', 'POISON: 1', 'GROUND: 1', 'FLYING: 1', 'PSYCHIC: 1', 'BUG: 1', 'ROCK: 2', 'GHOST: 1', 'DRAGON: 1']",,"['water', 'ice']",1.5m,132.5kg,Cloyster,#091
91,"['NORMAL: 0', 'FIRE: 1', 'WATER: 1', 'ELECTRIC: 1', 'GRASS: 0.5', 'ICE: 1', 'FIGHT: 0', 'POISON: 0.25', 'GROUND: 2', 'FLYING: 1', 'PSYCHIC: 2', 'BUG: 1', 'ROCK: 1', 'GHOST: 2', 'DRAGON: 1']",Haunter,"['ghost', 'poison']",1.3m,0.1kg,Gastly,#092
92,"['NORMAL: 0', 'FIRE: 1', 'WATER: 1', 'ELECTRIC: 1', 'GRASS: 0.5', 'ICE: 1', 'FIGHT: 0', 'POISON: 0.25', 'GROUND: 2', 'FLYING: 1', 'PSYCHIC: 2', 'BUG: 1', 'ROCK: 1', 'GHOST: 2', 'DRAGON: 1']",Gengar,"['ghost', 'poison']",1.6m,0.1kg,Haunter,#093
93,"['NORMAL: 0', 'FIRE: 1', 'WATER: 1', 'ELECTRIC: 1', 'GRASS: 0.5', 'ICE: 1', 'FIGHT: 0', 'POISON: 0.25', 'GROUND: 2', 'FLYING: 1', 'PSYCHIC: 2', 'BUG: 1', 'ROCK: 1', 'GHOST: 2', 'DRAGON: 1']",,"['ghost', 'poison']",1.5m,40.5kg,Gengar,#094
94,"['NORMAL: 0.5', 'FIRE: 0.5', 'WATER: 4', 'ELECTRIC: 0', 'GRASS: 4', 'ICE: 2', 'FIGHT: 2', 'POISON: 0.25', 'GROUND: 2', 'FLYING: 0.5', 'PSYCHIC: 1', 'BUG: 1', 'ROCK: 0.5', 'GHOST: 1', 'DRAGON: 1']",,"['rock', 'ground']",8.8m,210kg,Onix,#095
95,"['NORMAL: 1', 'FIRE: 1', 'WATER: 1', 'ELECTRIC: 1', 'GRASS: 1', 'ICE: 1', 'FIGHT: 0.5', 'POISON: 1', 'GROUND: 1', 'FLYING: 1', 'PSYCHIC: 0.5', 'BUG: 2', 'ROCK: 1', 'GHOST: 0', 'DRAGON: 1']",Hypno,['psychic'],1m,32.4kg,Drowzee,#096
96,"['NORMAL: 1', 'FIRE: 1', 'WATER: 1', 'ELECTRIC: 1', 'GRASS: 1', 'ICE: 1', 'FIGHT: 0.5', 'POISON: 1', 'GROUND: 1', 'FLYING: 1', 'PSYCHIC: 0.5', 'BUG: 2', 'ROCK: 1', 'GHOST: 0', 'DRAGON: 1']",,['psychic'],1.6m,75.6kg,Hypno,#097
97,"['NORMAL: 1', 'FIRE: 0.5', 'WATER: 0.5', 'ELECTRIC: 2', 'GRASS: 2', 'ICE: 0.5', 'FIGHT: 1', 'POISON: 1', 'GROUND: 1', 'FLYING: 1', 'PSYCHIC: 1', 'BUG: 1', 'ROCK: 1', 'GHOST: 1', 'DRAGON: 1']",Kingler,['water'],0.4m,6.5kg,Krabby,#098
98,"['NORMAL: 1', 'FIRE: 0.5', 'WATER: 0.5', 'ELECTRIC: 2', 'GRASS: 2', 'ICE: 0.5', 'FIGHT: 1', 'POISON: 1', 'GROUND: 1', 'FLYING: 1', 'PSYCHIC: 1', 'BUG: 1', 'ROCK: 1', 'GHOST: 1', 'DRAGON: 1']",,['water'],1.3m,60kg,Kingler,#099
99,"['NORMAL: 1', 'FIRE: 1', 'WATER: 1', 'ELECTRIC: 0.5', 'GRASS: 1', 'ICE: 1', 'FIGHT: 1', 'POISON: 1', 'GROUND: 2', 'FLYING: 0.5', 'PSYCHIC: 1', 'BUG: 1', 'ROCK: 1', 'GHOST: 1', 'DRAGON: 1']",Electrode,['electric'],0.5m,10.4kg,Voltorb,#100
100,"['NORMAL: 1', 'FIRE: 1', 'WATER: 1', 'ELECTRIC: 0.5', 'GRASS: 1', 'ICE: 1', 'FIGHT: 1', 'POISON: 1', 'GROUND: 2', 'FLYING: 0.5', 'PSYCHIC: 1', 'BUG: 1', 'ROCK: 1', 'GHOST: 1', 'DRAGON: 1']",,['electric'],1.2m,66.6kg,Electrode,#101
101,"['NORMAL: 1', 'FIRE: 2', 'WATER: 0.5', 'ELECTRIC: 0.5', 'GRASS: 0.5', 'ICE: 2', 'FIGHT: 0.5', 'POISON: 2', 'GROUND: 0.5', 'FLYING: 2', 'PSYCHIC: 0.5', 'BUG: 4', 'ROCK: 1', 'GHOST: 0', 'DRAGON: 1']",Exeggutor,"['grass', 'psychic']",0.4m,2.5kg,Exeggcute,#102
102,"['NORMAL: 1', 'FIRE: 2', 'WATER: 0.5', 'ELECTRIC: 0.5', 'GRASS: 0.5', 'ICE: 2', 'FIGHT: 0.5', 'POISON: 2', 'GROUND: 0.5', 'FLYING: 2', 'PSYCHIC: 0.5', 'BUG: 4', 'ROCK: 1', 'GHOST: 0', 'DRAGON: 1']",,"['grass', 'psychic']",2m,120kg,Exeggutor,#103
103,"['NORMAL: 1', 'FIRE: 1', 'WATER: 2', 'ELECTRIC: 0', 'GRASS: 2', 'ICE: 2', 'FIGHT: 1', 'POISON: 0.5', 'GROUND: 1', 'FLYING: 1', 'PSYCHIC: 1', 'BUG: 1', 'ROCK: 0.5', 'GHOST: 1', 'DRAGON: 1']",Marowak,['ground'],0.4m,6.5kg,Cubone,#104
104,"['NORMAL: 1', 'FIRE: 1', 'WATER: 2', 'ELECTRIC: 0', 'GRASS: 2', 'ICE: 2', 'FIGHT: 1', 'POISON: 0.5', 'GROUND: 1', 'FLYING: 1', 'PSYCHIC: 1', 'BUG: 1', 'ROCK: 0.5', 'GHOST: 1', 'DRAGON: 1']",,['ground'],1m,45kg,Marowak,#105
105,"['NORMAL: 1', 'FIRE: 1', 'WATER: 1', 'ELECTRIC: 1', 'GRASS: 1', 'ICE: 1', 'FIGHT: 1', 'POISON: 1', 'GROUND: 1', 'FLYING: 2', 'PSYCHIC: 2', 'BUG: 0.5', 'ROCK: 0.5', 'GHOST: 1', 'DRAGON: 1']",,['fighting'],1.5m,49.8kg,Hitmonlee,#106
106,"['NORMAL: 1', 'FIRE: 1', 'WATER: 1', 'ELECTRIC: 1', 'GRASS: 1', 'ICE: 1', 'FIGHT: 1', 'POISON: 1', 'GROUND: 1', 'FLYING: 2', 'PSYCHIC: 2', 'BUG: 0.5', 'ROCK: 0.5', 'GHOST: 1', 'DRAGON: 1']",,['fighting'],1.4m,50.2kg,Hitmonchan,#107
107,"['NORMAL: 1', 'FIRE: 1', 'WATER: 1', 'ELECTRIC: 1', 'GRASS: 1', 'ICE: 1', 'FIGHT: 2', 'POISON: 1', 'GROUND: 1', 'FLYING: 1', 'PSYCHIC: 1', 'BUG: 1', 'ROCK: 1', 'GHOST: 0', 'DRAGON: 1']",,['normal'],1.2m,65.5kg,Lickitung,#108
108,"['NORMAL: 1', 'FIRE: 1', 'WATER: 1', 'ELECTRIC: 1', 'GRASS: 0.5', 'ICE: 1', 'FIGHT: 0.5', 'POISON: 0.5', 'GROUND: 2', 'FLYING: 1', 'PSYCHIC: 2', 'BUG: 2', 'ROCK: 1', 'GHOST: 1', 'DRAGON: 1']",Weezing,['poison'],0.6m,1kg,Koffing,#109
109,"['NORMAL: 1', 'FIRE: 1', 'WATER: 1', 'ELECTRIC: 1', 'GRASS: 0.5', 'ICE: 1', 'FIGHT: 0.5', 'POISON: 0.5', 'GROUND: 2', 'FLYING: 1', 'PSYCHIC: 2', 'BUG: 2', 'ROCK: 1', 'GHOST: 1', 'DRAGON: 1']",,['poison'],1.2m,9.5kg,Weezing,#110
110,"['NORMAL: 0.5', 'FIRE: 0.5', 'WATER: 4', 'ELECTRIC: 0', 'GRASS: 4', 'ICE: 2', 'FIGHT: 2', 'POISON: 0.25', 'GROUND: 2', 'FLYING: 0.5', 'PSYCHIC: 1', 'BUG: 1', 'ROCK: 0.5', 'GHOST: 1', 'DRAGON: 1']",Rhydon,"['ground', 'rock']",1m,115kg,Rhyhorn,#111
111,"['NORMAL: 0.5', 'FIRE: 0.5', 'WATER: 4', 'ELECTRIC: 0', 'GRASS: 4', 'ICE: 2', 'FIGHT: 2', 'POISON: 0.25', 'GROUND: 2', 'FLYING: 0.5', 'PSYCHIC: 1', 'BUG: 1', 'ROCK: 0.5', 'GHOST: 1', 'DRAGON: 1']",,"['ground', 'rock']",1.9m,120kg,Rhydon,#112
112,"['NORMAL: 1', 'FIRE: 1', 'WATER: 1', 'ELECTRIC: 1', 'GRASS: 1', 'ICE: 1', 'FIGHT: 2', 'POISON: 1', 'GROUND: 1', 'FLYING: 1', 'PSYCHIC: 1', 'BUG: 1', 'ROCK: 1', 'GHOST: 0', 'DRAGON: 1']",,['normal'],1.1m,34.6kg,Chansey,#113
113,"['NORMAL: 1', 'FIRE: 2', 'WATER: 0.5', 'ELECTRIC: 0.5', 'GRASS: 0.5', 'ICE: 2', 'FIGHT: 1', 'POISON: 2', 'GROUND: 0.5', 'FLYING: 2', 'PSYCHIC: 1', 'BUG: 2', 'ROCK: 1', 'GHOST: 1', 'DRAGON: 1']",,['grass'],1m,35kg,Tangela,#114
114,"['NORMAL: 1', 'FIRE: 1', 'WATER: 1', 'ELECTRIC: 1', 'GRASS: 1', 'ICE: 1', 'FIGHT: 2', 'POISON: 1', 'GROUND: 1', 'FLYING: 1', 'PSYCHIC: 1', 'BUG: 1', 'ROCK: 1', 'GHOST: 0', 'DRAGON: 1']",,['normal'],2.2m,80kg,Kangaskhan,#115
115,"['NORMAL: 1', 'FIRE: 0.5', 'WATER: 0.5', 'ELECTRIC: 2', 'GRASS: 2', 'ICE: 0.5', 'FIGHT: 1', 'POISON: 1', 'GROUND: 1', 'FLYING: 1', 'PSYCHIC: 1', 'BUG: 1', 'ROCK: 1', 'GHOST: 1', 'DRAGON: 1']",Seadra,['water'],0.4m,8kg,Horsea,#116
116,"['NORMAL: 1', 'FIRE: 0.5', 'WATER: 0.5', 'ELECTRIC: 2', 'GRASS: 2', 'ICE: 0.5', 'FIGHT: 1', 'POISON: 1', 'GROUND: 1', 'FLYING: 1', 'PSYCHIC: 1', 'BUG: 1', 'ROCK: 1', 'GHOST: 1', 'DRAGON: 1']",,['water'],1.2m,25kg,Seadra,#117
117,"['NORMAL: 1', 'FIRE: 0.5', 'WATER: 0.5', 'ELECTRIC: 2', 'GRASS: 2', 'ICE: 0.5', 'FIGHT: 1', 'POISON: 1', 'GROUND: 1', 'FLYING: 1', 'PSYCHIC: 1', 'BUG: 1', 'ROCK: 1', 'GHOST: 1', 'DRAGON: 1']",Seaking,['water'],0.6m,15kg,Goldeen,#118
118,"['NORMAL: 1', 'FIRE: 0.5', 'WATER: 0.5', 'ELECTRIC: 2', 'GRASS: 2', 'ICE: 0.5', 'FIGHT: 1', 'POISON: 1', 'GROUND: 1', 'FLYING: 1', 'PSYCHIC: 1', 'BUG: 1', 'ROCK: 1', 'GHOST: 1', 'DRAGON: 1']",,['water'],1.3m,39kg,Seaking,#119
119,"['NORMAL: 1', 'FIRE: 0.5', 'WATER: 0.5', 'ELECTRIC: 2', 'GRASS: 2', 'ICE: 0.5', 'FIGHT: 1', 'POISON: 1', 'GROUND: 1', 'FLYING: 1', 'PSYCHIC: 1', 'BUG: 1', 'ROCK: 1', 'GHOST: 1', 'DRAGON: 1']",Starmie,['water'],0.8m,34.5kg,Staryu,#120
120,"['NORMAL: 1', 'FIRE: 0.5', 'WATER: 0.5', 'ELECTRIC: 2', 'GRASS: 2', 'ICE: 0.5', 'FIGHT: 0.5', 'POISON: 1', 'GROUND: 1', 'FLYING: 1', 'PSYCHIC: 0.5', 'BUG: 2', 'ROCK: 1', 'GHOST: 0', 'DRAGON: 1']",,"['water', 'psychic']",1.1m,80kg,Starmie,#121
121,"['NORMAL: 1', 'FIRE: 1', 'WATER: 1', 'ELECTRIC: 1', 'GRASS: 1', 'ICE: 1', 'FIGHT: 0.5', 'POISON: 1', 'GROUND: 1', 'FLYING: 1', 'PSYCHIC: 0.5', 'BUG: 2', 'ROCK: 1', 'GHOST: 0', 'DRAGON: 1']",,['psychic'],1.3m,54.5kg,Mr. Mime,#122
122,"['NORMAL: 1', 'FIRE: 2', 'WATER: 1', 'ELECTRIC: 2', 'GRASS: 0.25', 'ICE: 2', 'FIGHT: 0.25', 'POISON: 2', 'GROUND: 0', 'FLYING: 2', 'PSYCHIC: 1', 'BUG: 0.5', 'ROCK: 4', 'GHOST: 1', 'DRAGON: 1']",,"['bug', 'flying']",1.5m,56kg,Scyther,#123
123,"['NORMAL: 1', 'FIRE: 2', 'WATER: 1', 'ELECTRIC: 1', 'GRASS: 1', 'ICE: 0.5', 'FIGHT: 1', 'POISON: 1', 'GROUND: 1', 'FLYING: 1', 'PSYCHIC: 0.5', 'BUG: 2', 'ROCK: 2', 'GHOST: 0', 'DRAGON: 1']",,"['ice', 'psychic']",1.4m,40.6kg,Jynx,#124
124,"['NORMAL: 1', 'FIRE: 1', 'WATER: 1', 'ELECTRIC: 0.5', 'GRASS: 1', 'ICE: 1', 'FIGHT: 1', 'POISON: 1', 'GROUND: 2', 'FLYING: 0.5', 'PSYCHIC: 1', 'BUG: 1', 'ROCK: 1', 'GHOST: 1', 'DRAGON: 1']",,['electric'],1.1m,30kg,Electabuzz,#125
125,"['NORMAL: 1', 'FIRE: 0.5', 'WATER: 2', 'ELECTRIC: 1', 'GRASS: 0.5', 'ICE: 1', 'FIGHT: 1', 'POISON: 1', 'GROUND: 2', 'FLYING: 1', 'PSYCHIC: 1', 'BUG: 0.5', 'ROCK: 2', 'GHOST: 1', 'DRAGON: 1']",,['fire'],1.3m,44.5kg,Magmar,#126
126,"['NORMAL: 1', 'FIRE: 2', 'WATER: 1', 'ELECTRIC: 1', 'GRASS: 0.5', 'ICE: 1', 'FIGHT: 0.5', 'POISON: 2', 'GROUND: 0.5', 'FLYING: 2', 'PSYCHIC: 1', 'BUG: 1', 'ROCK: 2', 'GHOST: 1', 'DRAGON: 1']",,['bug'],1.5m,55kg,Pinsir,#127
127,"['NORMAL: 1', 'FIRE: 1', 'WATER: 1', 'ELECTRIC: 1', 'GRASS: 1', 'ICE: 1', 'FIGHT: 2', 'POISON: 1', 'GROUND: 1', 'FLYING: 1', 'PSYCHIC: 1', 'BUG: 1', 'ROCK: 1', 'GHOST: 0', 'DRAGON: 1']",,['normal'],1.4m,88.4kg,Tauros,#128
128,"['NORMAL: 1', 'FIRE: 0.5', 'WATER: 0.5', 'ELECTRIC: 2', 'GRASS: 2', 'ICE: 0.5', 'FIGHT: 1', 'POISON: 1', 'GROUND: 1', 'FLYING: 1', 'PSYCHIC: 1', 'BUG: 1', 'ROCK: 1', 'GHOST: 1', 'DRAGON: 1']",Gyarados,['water'],0.9m,10kg,Magikarp,#129
129,"['NORMAL: 1', 'FIRE: 0.5', 'WATER: 0.5', 'ELECTRIC: 4', 'GRASS: 1', 'ICE: 1', 'FIGHT: 0.5', 'POISON: 1', 'GROUND: 0', 'FLYING: 1', 'PSYCHIC: 1', 'BUG: 0.5', 'ROCK: 2', 'GHOST: 1', 'DRAGON: 1']",,"['water', 'flying']",6.5m,235kg,Gyarados,#130
130,"['NORMAL: 1', 'FIRE: 1', 'WATER: 0.5', 'ELECTRIC: 2', 'GRASS: 2', 'ICE: 0.25', 'FIGHT: 2', 'POISON: 1', 'GROUND: 1', 'FLYING: 1', 'PSYCHIC: 1', 'BUG: 1', 'ROCK: 2', 'GHOST: 1', 'DRAGON: 1']",,"['water', 'ice']",2.5m,220kg,Lapras,#131
131,"['NORMAL: 1', 'FIRE: 1', 'WATER: 1', 'ELECTRIC: 1', 'GRASS: 1', 'ICE: 1', 'FIGHT: 2', 'POISON: 1', 'GROUND: 1', 'FLYING: 1', 'PSYCHIC: 1', 'BUG: 1', 'ROCK: 1', 'GHOST: 0', 'DRAGON: 1']",,['normal'],0.3m,4kg,Ditto,#132
132,"['NORMAL: 1', 'FIRE: 1', 'WATER: 1', 'ELECTRIC: 1', 'GRASS: 1', 'ICE: 1', 'FIGHT: 2', 'POISON: 1', 'GROUND: 1', 'FLYING: 1', 'PSYCHIC: 1', 'BUG: 1', 'ROCK: 1', 'GHOST: 0', 'DRAGON: 1']",Vaporeon,['normal'],0.3m,6.5kg,Eevee,#133
133,"['NORMAL: 1', 'FIRE: 0.5', 'WATER: 0.5', 'ELECTRIC: 2', 'GRASS: 2', 'ICE: 0.5', 'FIGHT: 1', 'POISON: 1', 'GROUND: 1', 'FLYING: 1', 'PSYCHIC: 1', 'BUG: 1', 'ROCK: 1', 'GHOST: 1', 'DRAGON: 1']",Jolteon,['water'],1m,29kg,Vaporeon,#134
134,"['NORMAL: 1', 'FIRE: 1', 'WATER: 1', 'ELECTRIC: 0.5', 'GRASS: 1', 'ICE: 1', 'FIGHT: 1', 'POISON: 1', 'GROUND: 2', 'FLYING: 0.5', 'PSYCHIC: 1', 'BUG: 1', 'ROCK: 1', 'GHOST: 1', 'DRAGON: 1']",Flareon,['electric'],0.8m,24.5kg,Jolteon,#135
135,"['NORMAL: 1', 'FIRE: 0.5', 'WATER: 2', 'ELECTRIC: 1', 'GRASS: 0.5', 'ICE: 1', 'FIGHT: 1', 'POISON: 1', 'GROUND: 2', 'FLYING: 1', 'PSYCHIC: 1', 'BUG: 0.5', 'ROCK: 2', 'GHOST: 1', 'DRAGON: 1']",,['fire'],0.9m,25kg,Flareon,#136
136,"['NORMAL: 1', 'FIRE: 1', 'WATER: 1', 'ELECTRIC: 1', 'GRASS: 1', 'ICE: 1', 'FIGHT: 2', 'POISON: 1', 'GROUND: 1', 'FLYING: 1', 'PSYCHIC: 1', 'BUG: 1', 'ROCK: 1', 'GHOST: 0', 'DRAGON: 1']",,['normal'],0.8m,36.5kg,Porygon,#137
137,"['NORMAL: 0.5', 'FIRE: 0.25', 'WATER: 1', 'ELECTRIC: 2', 'GRASS: 4', 'ICE: 0.5', 'FIGHT: 2', 'POISON: 0.5', 'GROUND: 2', 'FLYING: 0.5', 'PSYCHIC: 1', 'BUG: 1', 'ROCK: 1', 'GHOST: 1', 'DRAGON: 1']",Omastar,"['rock', 'water']",0.4m,7.5kg,Omanyte,#138
138,"['NORMAL: 0.5', 'FIRE: 0.25', 'WATER: 1', 'ELECTRIC: 2', 'GRASS: 4', 'ICE: 0.5', 'FIGHT: 2', 'POISON: 0.5', 'GROUND: 2', 'FLYING: 0.5', 'PSYCHIC: 1', 'BUG: 1', 'ROCK: 1', 'GHOST: 1', 'DRAGON: 1']",,"['rock', 'water']",1m,35kg,Omastar,#139
139,"['NORMAL: 0.5', 'FIRE: 0.25', 'WATER: 1', 'ELECTRIC: 2', 'GRASS: 4', 'ICE: 0.5', 'FIGHT: 2', 'POISON: 0.5', 'GROUND: 2', 'FLYING: 0.5', 'PSYCHIC: 1', 'BUG: 1', 'ROCK: 1', 'GHOST: 1', 'DRAGON: 1']",Kabutops,"['rock', 'water']",0.5m,11.5kg,Kabuto,#140
140,"['NORMAL: 0.5', 'FIRE: 0.25', 'WATER: 1', 'ELECTRIC: 2', 'GRASS: 4', 'ICE: 0.5', 'FIGHT: 2', 'POISON: 0.5', 'GROUND: 2', 'FLYING: 0.5', 'PSYCHIC: 1', 'BUG: 1', 'ROCK: 1', 'GHOST: 1', 'DRAGON: 1']",,"['rock', 'water']",1.3m,40.5kg,Kabutops,#141
141,"['NORMAL: 0.5', 'FIRE: 0.5', 'WATER: 2', 'ELECTRIC: 2', 'GRASS: 1', 'ICE: 2', 'FIGHT: 1', 'POISON: 0.5', 'GROUND: 0', 'FLYING: 0.5', 'PSYCHIC: 1', 'BUG: 0.5', 'ROCK: 2', 'GHOST: 1', 'DRAGON: 1']",,"['rock', 'flying']",1.8m,59kg,Aerodactyl,#142
142,"['NORMAL: 1', 'FIRE: 1', 'WATER: 1', 'ELECTRIC: 1', 'GRASS: 1', 'ICE: 1', 'FIGHT: 2', 'POISON: 1', 'GROUND: 1', 'FLYING: 1', 'PSYCHIC: 1', 'BUG: 1', 'ROCK: 1', 'GHOST: 0', 'DRAGON: 1']",,['normal'],2.1m,460kg,Snorlax,#143
143,"['NORMAL: 1', 'FIRE: 2', 'WATER: 1', 'ELECTRIC: 2', 'GRASS: 0.5', 'ICE: 1', 'FIGHT: 1', 'POISON: 1', 'GROUND: 0', 'FLYING: 1', 'PSYCHIC: 1', 'BUG: 0.5', 'ROCK: 4', 'GHOST: 1', 'DRAGON: 1']",,"['ice', 'flying']",1.7m,55.4kg,Articuno,#144
144,"['NORMAL: 1', 'FIRE: 1', 'WATER: 1', 'ELECTRIC: 1', 'GRASS: 0.5', 'ICE: 2', 'FIGHT: 0.5', 'POISON: 1', 'GROUND: 0', 'FLYING: 0.5', 'PSYCHIC: 1', 'BUG: 0.5', 'ROCK: 2', 'GHOST: 1', 'DRAGON: 1']",,"['electric', 'flying']",1.6m,52.6kg,Zapdos,#145
145,"['NORMAL: 1', 'FIRE: 0.5', 'WATER: 2', 'ELECTRIC: 2', 'GRASS: 0.25', 'ICE: 2', 'FIGHT: 0.5', 'POISON: 1', 'GROUND: 0', 'FLYING: 1', 'PSYCHIC: 1', 'BUG: 0.25', 'ROCK: 4', 'GHOST: 1', 'DRAGON: 1']",,"['fire', 'flying']",2m,60kg,Moltres,#146
146,"['NORMAL: 1', 'FIRE: 0.5', 'WATER: 0.5', 'ELECTRIC: 0.5', 'GRASS: 0.5', 'ICE: 2', 'FIGHT: 1', 'POISON: 1', 'GROUND: 1', 'FLYING: 1', 'PSYCHIC: 1', 'BUG: 1', 'ROCK: 1', 'GHOST: 1', 'DRAGON: 2']",Dragonair,['dragon'],1.8m,3.3kg,Dratini,#147
147,"['NORMAL: 1', 'FIRE: 0.5', 'WATER: 0.5', 'ELECTRIC: 0.5', 'GRASS: 0.5', 'ICE: 2', 'FIGHT: 1', 'POISON: 1', 'GROUND: 1', 'FLYING: 1', 'PSYCHIC: 1', 'BUG: 1', 'ROCK: 1', 'GHOST: 1', 'DRAGON: 2']",Dragonite,['dragon'],4m,16.5kg,Dragonair,#148
148,"['NORMAL: 1', 'FIRE: 0.5', 'WATER: 0.5', 'ELECTRIC: 1', 'GRASS: 0.25', 'ICE: 4', 'FIGHT: 0.5', 'POISON: 1', 'GROUND: 0', 'FLYING: 1', 'PSYCHIC: 1', 'BUG: 0.5', 'ROCK: 2', 'GHOST: 1', 'DRAGON: 2']",,"['dragon', 'flying']",2.2m,210kg,Dragonite,#149
149,"['NORMAL: 1', 'FIRE: 1', 'WATER: 1', 'ELECTRIC: 1', 'GRASS: 1', 'ICE: 1', 'FIGHT: 0.5', 'POISON: 1', 'GROUND: 1', 'FLYING: 1', 'PSYCHIC: 0.5', 'BUG: 2', 'ROCK: 1', 'GHOST: 0', 'DRAGON: 1']",,['psychic'],2m,122kg,Mewtwo,#150
150,"['NORMAL: 1', 'FIRE: 1', 'WATER: 1', 'ELECTRIC: 1', 'GRASS: 1', 'ICE: 1', 'FIGHT: 0.5', 'POISON: 1', 'GROUND: 1', 'FLYING: 1', 'PSYCHIC: 0.5', 'BUG: 2', 'ROCK: 1', 'GHOST: 0', 'DRAGON: 1']",,['psychic'],0.4m,4kg,Mew,#151
